{
  "Total" : {
    "transaction" : "Total",
    "sampleCount" : 1000,
    "errorCount" : 0,
    "errorPct" : 0.0,
    "meanResTime" : 2.440000000000005,
    "medianResTime" : 2.0,
    "minResTime" : 0.0,
    "maxResTime" : 19.0,
    "pct1ResTime" : 4.0,
    "pct2ResTime" : 5.0,
    "pct3ResTime" : 7.0,
    "throughput" : 10.104786637430152,
    "receivedKBytesPerSec" : 49.477929882885526,
    "sentKBytesPerSec" : 1.134814905570769
  },
  "HTTP Request" : {
    "transaction" : "HTTP Request",
    "sampleCount" : 1000,
    "errorCount" : 0,
    "errorPct" : 0.0,
    "meanResTime" : 2.440000000000005,
    "medianResTime" : 2.0,
    "minResTime" : 0.0,
    "maxResTime" : 19.0,
    "pct1ResTime" : 4.0,
    "pct2ResTime" : 5.0,
    "pct3ResTime" : 7.0,
    "throughput" : 10.104786637430152,
    "receivedKBytesPerSec" : 49.477929882885526,
    "sentKBytesPerSec" : 1.134814905570769
  }
}